LoanAmountTerm,CreditHistory,LoanStatus,LoanAmountLog,IncomeLog,Gender_Female,Gender_Male,Married_No,Married_Yes,Dependents_0,Dependents_1,Dependents_2,Dependents_3,Education_Graduate,Education_Not Graduate,SelfEmployed_No,SelfEmployed_Yes,PropertyArea_Rural,PropertyArea_Semiurban,PropertyArea_Urban
360.0,1.0,1,4.852030263919617,8.674025985443025,0,1,1,0,1,0,0,0,1,0,1,0,0,0,1
360.0,1.0,0,4.852030263919617,8.714567550836485,0,1,0,1,0,1,0,0,1,0,1,0,1,0,0
360.0,1.0,1,4.189654742026425,8.006367567650246,0,1,0,1,1,0,0,0,1,0,0,1,0,0,1
360.0,1.0,1,4.787491742782046,8.50532301884575,0,1,0,1,1,0,0,0,0,1,1,0,0,0,1
360.0,1.0,1,4.948759890378168,8.699514748210191,0,1,1,0,1,0,0,0,1,0,1,0,0,0,1
360.0,1.0,1,5.58724865840025,9.170871628065816,0,1,0,1,0,0,1,0,1,0,0,1,0,0,1
360.0,1.0,1,4.553876891600541,8.255568653283746,0,1,0,1,1,0,0,0,0,1,1,0,0,0,1
360.0,0.0,0,5.062595033026967,8.61974977974133,0,1,0,1,0,0,0,1,1,0,1,0,0,1,0
360.0,1.0,1,5.123963979403259,8.61830469278465,0,1,0,1,0,0,1,0,1,0,1,0,0,0,1
360.0,1.0,0,5.855071922202427,10.077818939438902,0,1,0,1,0,1,0,0,1,0,1,0,0,1,0
360.0,1.0,1,4.248495242049359,8.268731832117737,0,1,0,1,0,0,1,0,1,0,1,0,0,0,1
360.0,1.0,1,4.6913478822291435,8.375629627094451,0,1,0,1,0,0,1,0,1,0,1,0,0,0,1
360.0,1.0,1,5.298317366548036,9.321792297270326,0,1,0,1,0,0,1,0,1,0,1,0,0,0,1
360.0,1.0,0,4.736198448394496,8.453827315794417,0,1,1,0,1,0,0,0,1,0,1,0,1,0,0
120.0,1.0,1,2.833213344056216,7.776954403322442,0,1,0,1,0,0,1,0,1,0,1,0,0,0,1
360.0,1.0,1,4.8283137373023015,8.507142855562735,0,1,1,0,1,0,0,0,1,0,1,0,0,0,1
240.0,1.0,1,4.605170185988092,8.18757739559151,0,1,1,0,0,1,0,0,0,1,1,0,0,0,1
360.0,0.0,0,4.330733340286331,8.163371316459912,1,0,1,0,1,0,0,0,1,0,1,0,0,0,1
360.0,1.0,0,4.890349128221754,8.494333897270154,0,1,0,1,1,0,0,0,0,1,1,0,1,0,0
360.0,1.0,1,4.74493212836325,8.716044050161402,0,1,0,1,1,0,0,0,1,0,1,0,0,0,1
360.0,0.0,0,4.6443908991413725,8.943767262734637,0,1,0,1,1,0,0,0,0,1,1,0,0,0,1
360.0,1.0,1,5.752572638825633,9.357034751126987,0,1,0,1,0,1,0,0,1,0,1,0,0,0,1
360.0,0.0,0,4.7535901911063645,8.414274137408396,0,1,0,1,1,0,0,0,0,1,1,0,0,1,0
360.0,0.0,0,4.718498871295094,8.572060092857077,0,1,0,1,0,0,1,0,0,1,1,0,1,0,0
360.0,1.0,0,5.017279836814924,8.801168401936692,0,1,0,1,0,1,0,0,1,0,1,0,0,1,0
360.0,1.0,1,5.25227342804663,9.165343006045447,0,1,0,1,1,0,0,0,1,0,0,1,0,1,0
360.0,1.0,1,4.804021044733257,8.527539483470381,0,1,0,1,1,0,0,0,1,0,1,0,0,1,0
360.0,1.0,1,4.700480365792417,8.569026340056254,0,1,0,1,0,0,1,0,0,1,1,0,0,0,1
360.0,1.0,0,3.5553480614894135,7.273786317844895,0,1,1,0,1,0,0,0,0,1,1,0,0,0,1
360.0,1.0,1,4.787491742782046,8.671286726753637,1,0,1,0,0,0,1,0,1,0,1,0,0,1,0
360.0,1.0,0,5.303304908059076,8.927314111060596,0,1,0,1,0,1,0,0,1,0,1,0,0,0,1
360.0,1.0,0,4.30406509320417,8.06054004653864,0,1,1,0,1,0,0,0,1,0,1,0,0,0,1
360.0,1.0,0,4.663439094112067,8.453614209773367,0,1,1,0,0,1,0,0,1,0,0,1,1,0,0
360.0,1.0,1,4.736198448394496,8.550047528287184,0,1,0,1,1,0,0,0,1,0,1,0,0,1,0
360.0,1.0,0,5.768320995793772,9.648595302907339,0,1,1,0,0,0,0,1,1,0,1,0,1,0,0
360.0,1.0,1,4.852030263919617,8.376090350438238,0,1,0,1,1,0,0,0,1,0,1,0,0,0,1
360.0,0.0,0,4.605170185988092,8.057694194815587,0,1,0,1,1,0,0,0,1,0,1,0,0,0,1
360.0,1.0,1,4.969813299576001,8.542080906924017,1,0,0,1,1,0,0,0,1,0,1,0,0,1,0
360.0,1.0,1,5.214935757608986,9.339261152043022,0,1,1,0,1,0,0,0,1,0,1,0,0,0,1
360.0,1.0,1,4.700480365792417,8.59711281459211,0,1,1,0,1,0,0,0,0,1,1,0,0,1,0
360.0,1.0,0,4.382026634673881,8.1886891244442,0,1,1,0,1,0,0,0,1,0,1,0,0,0,1
360.0,1.0,1,3.8501476017100584,8.0106915391303,0,1,1,0,1,0,0,0,1,0,1,0,0,0,1
360.0,1.0,1,4.31748811353631,7.783224016336037,0,1,0,1,1,0,0,0,1,0,1,0,0,0,1
360.0,1.0,1,4.897839799950911,8.744647438317532,0,1,0,1,1,0,0,0,1,0,1,0,0,1,0
360.0,1.0,1,4.564348191467836,8.454253391642363,0,1,0,1,1,0,0,0,0,1,0,1,0,0,1
360.0,1.0,1,4.477336814478207,8.134467570277563,1,0,1,0,1,0,0,0,1,0,1,0,0,0,1
360.0,1.0,1,3.784189633918261,8.639233817325263,0,1,0,1,0,1,0,0,1,0,1,0,0,0,1
360.0,1.0,1,4.969813299576001,8.669227347271736,0,1,0,1,1,0,0,0,1,0,1,0,0,0,1
360.0,0.0,0,4.787491742782046,8.713582005421628,1,0,0,1,1,0,0,0,1,0,1,0,0,0,1
360.0,1.0,1,4.969813299576001,8.744328763999984,1,0,1,0,1,0,0,0,1,0,1,0,0,1,0
360.0,1.0,1,4.605170185988092,8.18088094199639,1,0,0,1,1,0,0,0,0,1,1,0,0,1,0
360.0,1.0,1,4.787491742782046,8.034631032923107,1,0,1,0,1,0,0,0,1,0,1,0,0,1,0
360.0,1.0,0,4.718498871295094,8.349957272040324,1,0,1,0,1,0,0,0,1,0,1,0,0,1,0
360.0,1.0,0,4.897839799950911,8.437283808187935,0,1,0,1,0,0,1,0,1,0,1,0,0,0,1
360.0,0.0,0,5.655991810819852,9.350102314351341,1,0,0,1,0,1,0,0,1,0,0,1,0,0,1
360.0,1.0,1,4.574710978503383,8.262300941787448,0,1,0,1,0,0,1,0,1,0,1,0,0,1,0
360.0,1.0,1,4.564348191467836,8.222285073872717,0,1,0,1,1,0,0,0,1,0,1,0,0,1,0
360.0,1.0,0,4.90527477843843,8.624431942085836,0,1,0,1,1,0,0,0,1,0,1,0,1,0,0
360.0,1.0,1,5.19295685089021,9.242807562113684,0,1,0,1,0,1,0,0,1,0,1,0,0,0,1
360.0,1.0,1,4.969813299576001,8.734881892047483,0,1,0,1,0,0,1,0,0,1,1,0,0,0,1
360.0,1.0,1,4.787491742782046,8.74766979009724,0,1,0,1,1,0,0,0,1,0,1,0,0,0,1
360.0,1.0,1,4.59511985013459,8.015987811027237,0,1,0,1,0,0,0,1,1,0,1,0,0,0,1
180.0,0.0,0,5.10594547390058,8.709134991587183,0,1,0,1,1,0,0,0,0,1,0,1,1,0,0
360.0,0.0,0,4.852030263919617,8.506132244056813,0,1,0,1,0,1,0,0,1,0,1,0,1,0,0
360.0,0.0,0,4.7535901911063645,8.334711621820917,1,0,1,0,1,0,0,0,1,0,1,0,0,1,0
360.0,1.0,0,5.552959584921617,9.241935933565934,0,1,0,1,1,0,0,0,1,0,1,0,0,1,0
180.0,0.0,0,4.836281906951478,8.604104563405533,0,1,1,0,1,0,0,0,0,1,1,0,0,0,1
360.0,1.0,1,5.7430031878094825,9.28266103355581,0,1,0,1,0,1,0,0,1,0,1,0,0,0,1
60.0,1.0,1,4.8283137373023015,8.867850063029406,0,1,0,1,0,0,0,1,0,1,0,1,0,0,1
360.0,0.0,0,4.912654885736052,8.366370301681654,1,0,1,0,1,0,0,0,1,0,1,0,0,1,0
360.0,1.0,1,5.147494476813453,8.744169388750624,0,1,0,1,1,0,0,0,1,0,1,0,0,0,1
360.0,1.0,1,4.574710978503383,8.229511118964457,0,1,0,1,0,0,1,0,0,1,0,1,0,1,0
300.0,1.0,1,4.394449154672439,8.160518247477505,0,1,1,0,1,0,0,0,1,0,1,0,0,1,0
360.0,0.0,0,4.553876891600541,8.46695197497949,0,1,0,1,0,0,0,1,0,1,1,0,0,1,0
360.0,1.0,1,5.231108616854587,8.859363449152088,0,1,0,1,0,0,0,1,1,0,0,1,0,1,0
480.0,1.0,0,4.727387818712341,8.229511118964457,0,1,1,0,1,0,0,0,1,0,1,0,0,0,1
360.0,1.0,0,5.170483995038151,9.047821442478408,0,1,1,0,1,0,0,0,1,0,1,0,0,0,1
360.0,1.0,0,4.700480365792417,8.299534570332597,0,1,0,1,0,1,0,0,1,0,0,1,0,0,1
300.0,0.0,0,5.19295685089021,8.877242435993919,0,1,0,1,0,0,0,1,1,0,1,0,0,1,0
360.0,1.0,1,4.867534450455582,8.612321536507814,0,1,0,1,0,0,0,1,0,1,0,1,0,1,0
360.0,1.0,1,4.709530201312334,8.254788926148725,1,0,1,0,1,0,0,0,1,0,1,0,0,1,0
360.0,1.0,1,4.852030263919617,7.781138509845015,0,1,0,1,0,1,0,0,1,0,0,1,0,1,0
360.0,1.0,0,5.117993812416755,8.089175678837561,1,0,0,1,0,0,1,0,1,0,1,0,0,0,1
360.0,1.0,0,5.579729825986222,9.017968479328726,0,1,0,1,1,0,0,0,1,0,1,0,0,1,0
240.0,1.0,1,3.912023005428146,8.291045131081729,0,1,0,1,0,1,0,0,1,0,1,0,0,0,1
360.0,1.0,1,4.912654885736052,8.496378051702317,0,1,1,0,1,0,0,0,1,0,1,0,0,1,0
360.0,1.0,1,4.59511985013459,8.581669210600602,0,1,0,1,0,0,1,0,0,1,1,0,0,1,0
360.0,1.0,1,4.6443908991413725,8.43771698991444,0,1,0,1,1,0,0,0,1,0,1,0,0,1,0
360.0,1.0,1,5.3471075307174685,9.055556158175316,0,1,1,0,1,0,0,0,1,0,1,0,0,0,1
360.0,1.0,1,5.1647859739235145,9.196444266784072,0,1,0,1,1,0,0,0,1,0,1,0,0,1,0
360.0,1.0,1,4.875197323201151,8.675563527387679,0,1,0,1,1,0,0,0,1,0,1,0,0,1,0
180.0,1.0,1,5.236441962829949,9.384629757072872,0,1,0,1,0,0,1,0,1,0,1,0,0,1,0
360.0,1.0,1,4.394449154672439,8.535622326884605,0,1,0,1,0,0,1,0,0,1,1,0,0,0,1
360.0,1.0,1,4.804021044733257,8.326758814511733,0,1,1,0,1,0,0,0,1,0,1,0,0,1,0
120.0,1.0,1,3.2188758248682006,8.194229304819817,0,1,1,0,1,0,0,0,0,1,1,0,0,1,0
360.0,1.0,0,4.852030263919617,8.822027322685583,0,1,1,0,1,0,0,0,1,0,1,0,0,0,1
360.0,1.0,1,4.919980925828125,8.47345026846832,1,0,0,1,1,0,0,0,1,0,1,0,0,1,0
360.0,1.0,1,3.912023005428146,7.9976631270201,0,1,0,1,1,0,0,0,1,0,1,0,0,1,0
180.0,1.0,1,4.74493212836325,8.339978571990427,0,1,0,1,1,0,0,0,0,1,1,0,0,1,0
360.0,1.0,1,4.875197323201151,8.575462099540212,0,1,0,1,1,0,0,0,1,0,1,0,0,1,0
180.0,1.0,1,4.890349128221754,8.929435283803425,0,1,0,1,0,0,1,0,0,1,1,0,0,0,1
360.0,1.0,1,5.017279836814924,9.065198986306513,0,1,1,0,1,0,0,0,1,0,1,0,0,1,0
360.0,1.0,1,4.852030263919617,9.521494800613105,0,1,0,1,1,0,0,0,1,0,1,0,0,0,1
360.0,1.0,1,4.852030263919617,9.016148642611741,0,1,0,1,1,0,0,0,1,0,1,0,0,1,0
360.0,1.0,1,5.075173815233827,8.42726848388825,0,1,0,1,1,0,0,0,1,0,1,0,0,0,1
360.0,1.0,1,4.605170185988092,8.31434234336979,0,1,0,1,0,1,0,0,1,0,1,0,0,0,1
360.0,1.0,1,5.41610040220442,9.436918020024674,0,1,0,1,0,0,1,0,1,0,1,0,0,0,1
360.0,1.0,0,4.787491742782046,8.9001399880938,0,1,1,0,1,0,0,0,0,1,1,0,1,0,0
360.0,0.0,0,5.375278407684165,8.909235279192261,0,1,0,1,0,0,1,0,1,0,1,0,0,0,1
480.0,1.0,1,4.543294782270004,7.946263643580541,0,1,0,1,0,0,0,1,0,1,1,0,0,1,0
360.0,1.0,1,4.912654885736052,8.578476419833136,0,1,1,0,1,0,0,0,1,0,1,0,0,0,1
360.0,1.0,1,4.9344739331306915,8.568266461600238,1,0,0,1,1,0,0,0,1,0,1,0,0,1,0
360.0,0.0,0,5.0238805208462765,8.94715577112479,0,1,0,1,1,0,0,0,0,1,1,0,1,0,0
360.0,1.0,1,4.852030263919617,8.916103530553727,1,0,1,0,0,1,0,0,1,0,0,1,0,1,0
360.0,1.0,1,4.770684624465665,8.527143522269405,0,1,1,0,1,0,0,0,1,0,1,0,0,1,0
180.0,1.0,1,5.220355825078324,9.587611745713565,0,1,0,1,0,1,0,0,1,0,1,0,1,0,0
360.0,1.0,1,5.0369526024136295,8.60337088765729,1,0,0,1,1,0,0,0,1,0,1,0,0,1,0
360.0,1.0,1,4.442651256490317,8.192016914536875,0,1,0,1,0,1,0,0,1,0,1,0,0,0,1
360.0,1.0,0,5.1647859739235145,8.950273466557375,0,1,0,1,1,0,0,0,1,0,1,0,1,0,0
360.0,1.0,1,5.556828061699537,9.250330020192342,1,0,1,0,1,0,0,0,1,0,1,0,0,0,1
360.0,1.0,1,5.19295685089021,9.0280988119824,0,1,0,1,1,0,0,0,1,0,1,0,1,0,0
360.0,1.0,1,3.784189633918261,8.334711621820917,1,0,1,0,1,0,0,0,1,0,1,0,0,1,0
360.0,0.0,1,4.919980925828125,9.316230747233615,1,0,1,0,1,0,0,0,1,0,1,0,0,1,0
360.0,1.0,1,4.394449154672439,7.9919305198524775,0,1,0,1,0,0,1,0,1,0,1,0,0,1,0
360.0,1.0,1,5.267858159063328,8.750524669117937,0,1,0,1,1,0,0,0,0,1,1,0,1,0,0
360.0,1.0,1,4.532599493153256,8.213923595622743,1,0,1,0,1,0,0,0,1,0,1,0,1,0,0
360.0,1.0,1,5.91350300563827,10.077566902136047,0,1,0,1,0,0,0,1,1,0,1,0,1,0,0
360.0,1.0,1,4.852030263919617,8.61341204915678,0,1,1,0,1,0,0,0,1,0,1,0,1,0,0
180.0,0.0,0,5.075173815233827,9.572410734431823,0,1,0,1,0,1,0,0,1,0,0,1,0,0,1
360.0,1.0,0,5.204006687076795,9.065198986306513,0,1,0,1,1,0,0,0,1,0,1,0,1,0,0
480.0,1.0,1,6.476972362889683,9.91175329695316,0,1,1,0,1,0,0,0,1,0,0,1,0,0,1
360.0,1.0,1,4.30406509320417,8.279697133877628,0,1,1,0,1,0,0,0,1,0,1,0,0,0,1
360.0,1.0,1,4.248495242049359,7.907651594711089,0,1,1,0,1,0,0,0,1,0,1,0,0,1,0
120.0,1.0,1,3.2188758248682006,8.148734808937169,0,1,0,1,1,0,0,0,1,0,0,1,0,1,0
360.0,1.0,1,4.624972813284271,8.49596955496461,0,1,1,0,1,0,0,0,1,0,1,0,0,1,0
360.0,1.0,0,5.66988092298052,9.371608519572305,0,1,0,1,0,0,0,1,1,0,1,0,0,1,0
360.0,1.0,0,4.430816798843313,8.430109084509125,1,0,0,1,1,0,0,0,1,0,1,0,1,0,0
360.0,1.0,1,4.477336814478207,8.827028068509152,0,1,0,1,0,0,1,0,1,0,0,1,0,0,1
360.0,0.0,0,5.488937726156687,9.61573881119536,0,1,1,0,1,0,0,0,1,0,1,0,0,1,0
360.0,1.0,0,4.859812404361672,8.635864721133736,0,1,0,1,0,0,1,0,0,1,1,0,1,0,0
360.0,1.0,0,5.220355825078324,8.871365005136852,0,1,0,1,0,0,1,0,1,0,1,0,1,0,0
360.0,1.0,1,5.123963979403259,8.597297435657898,0,1,1,0,1,0,0,0,1,0,1,0,0,0,1
180.0,1.0,1,5.1647859739235145,8.846496938558838,0,1,1,0,1,0,0,0,1,0,0,1,0,1,0
360.0,1.0,1,4.804021044733257,8.462103225098277,0,1,0,1,1,0,0,0,1,0,1,0,0,1,0
180.0,1.0,1,5.231108616854587,9.372204086867741,0,1,0,1,0,0,1,0,1,0,1,0,0,0,1
360.0,1.0,1,4.605170185988092,8.827028068509152,1,0,0,1,1,0,0,0,1,0,1,0,0,1,0
360.0,1.0,1,4.248495242049359,9.60683200528524,1,0,0,1,0,0,1,0,1,0,1,0,0,0,1
360.0,1.0,1,3.4011973816621555,7.993957547573565,0,1,0,1,0,1,0,0,1,0,1,0,0,0,1
360.0,1.0,0,5.41610040220442,9.364433907313582,1,0,1,0,1,0,0,0,1,0,1,0,1,0,0
360.0,1.0,1,4.8283137373023015,8.646465527120377,0,1,0,1,1,0,0,0,1,0,1,0,0,1,0
360.0,0.0,0,4.770684624465665,8.744647438317532,0,1,1,0,1,0,0,0,1,0,1,0,1,0,0
360.0,1.0,1,5.0238805208462765,8.752581469146884,0,1,0,1,1,0,0,0,1,0,0,1,1,0,0
360.0,1.0,0,5.497168225293202,9.123256265069069,0,1,1,0,1,0,0,0,1,0,1,0,0,0,1
360.0,1.0,0,4.727387818712341,7.732369222284388,0,1,0,1,0,0,1,0,0,1,1,0,1,0,0
360.0,1.0,1,3.912023005428146,8.087640287778983,0,1,1,0,1,0,0,0,1,0,1,0,0,0,1
180.0,0.0,1,6.396929655216146,10.596609732783568,0,1,0,1,0,0,0,1,1,0,1,0,0,1,0
360.0,1.0,1,5.075173815233827,8.699514748210191,0,1,0,1,0,1,0,0,1,0,1,0,1,0,0
360.0,1.0,1,5.231108616854587,9.16303909885817,0,1,0,1,0,1,0,0,1,0,1,0,0,0,1
360.0,1.0,1,4.787491742782046,8.529714471969909,0,1,1,0,1,0,0,0,1,0,1,0,1,0,0
360.0,1.0,1,5.541263545158426,9.23092700558457,0,1,0,1,1,0,0,0,1,0,1,0,0,1,0
360.0,1.0,1,4.584967478670572,7.973844375944687,0,1,0,1,1,0,0,0,0,1,1,0,0,1,0
360.0,1.0,0,5.616771097666572,8.978786553302003,0,1,0,1,1,0,0,0,1,0,1,0,0,0,1
360.0,0.0,0,4.795790545596741,8.382289428951436,0,1,0,1,0,1,0,0,1,0,1,0,0,1,0
360.0,1.0,1,5.062595033026967,8.633018756921828,0,1,0,1,0,0,1,0,1,0,1,0,1,0,0
180.0,1.0,1,4.31748811353631,9.140239744296693,0,1,0,1,1,0,0,0,1,0,1,0,0,0,1
360.0,1.0,1,5.204006687076795,8.835355971121606,0,1,0,1,1,0,0,0,1,0,1,0,1,0,0
360.0,1.0,0,4.718498871295094,8.430109084509125,1,0,0,1,1,0,0,0,1,0,1,0,1,0,0
360.0,1.0,1,4.859812404361672,8.660773919893762,0,1,0,1,1,0,0,0,1,0,1,0,1,0,0
480.0,0.0,0,4.143134726391533,7.71289096149013,0,1,1,0,1,0,0,0,1,0,1,0,0,1,0
360.0,1.0,1,5.298317366548036,8.987196820661973,0,1,0,1,0,0,1,0,1,0,1,0,0,1,0
360.0,1.0,1,4.553876891600541,8.185628891147607,0,1,0,1,1,0,0,0,0,1,1,0,1,0,0
300.0,1.0,1,6.551080335043404,10.854430887309706,0,1,0,1,0,0,0,1,1,0,1,0,0,0,1
180.0,1.0,0,4.394449154672439,8.166784289056151,0,1,0,1,0,0,0,1,0,1,1,0,1,0,0
360.0,1.0,1,5.231108616854587,9.335474102732949,0,1,0,1,1,0,0,0,1,0,1,0,0,1,0
360.0,1.0,0,4.465908118654584,8.533066540572527,0,1,0,1,1,0,0,0,0,1,0,1,0,1,0
360.0,1.0,1,4.7535901911063645,8.605387202152153,0,1,0,1,1,0,0,0,1,0,1,0,1,0,0
360.0,1.0,1,4.61512051684126,8.20631072579402,0,1,0,1,0,0,1,0,1,0,1,0,1,0,0
360.0,0.0,0,6.20455776256869,9.730086093116732,0,1,0,1,0,0,0,1,1,0,1,0,0,1,0
360.0,1.0,1,4.7535901911063645,8.229511118964457,0,1,0,1,0,1,0,0,1,0,1,0,0,1,0
480.0,0.0,0,4.624972813284271,8.238536930171769,0,1,1,0,1,0,0,0,0,1,1,0,0,0,1
360.0,0.0,0,5.19295685089021,9.521494800613105,0,1,0,1,0,1,0,0,1,0,1,0,0,0,1
360.0,1.0,0,4.204692619390966,8.850660919017152,0,1,1,0,1,0,0,0,1,0,1,0,1,0,0
180.0,1.0,1,4.290459441148391,8.433811582477187,0,1,0,1,1,0,0,0,1,0,1,0,0,1,0
360.0,1.0,0,5.560681631015528,10.429576102968031,0,1,0,1,0,1,0,0,1,0,1,0,0,1,0
360.0,1.0,1,4.68213122712422,8.195609567288775,1,0,0,1,1,0,0,0,1,0,1,0,0,1,0
360.0,1.0,1,4.787491742782046,10.689601259598334,0,1,0,1,1,0,0,0,1,0,0,1,0,1,0
300.0,0.0,0,4.189654742026425,7.686162303492906,0,1,0,1,0,1,0,0,1,0,0,1,1,0,0
360.0,1.0,1,4.060443010546419,8.416488487294606,0,1,0,1,1,0,0,0,1,0,1,0,1,0,0
360.0,1.0,1,5.123963979403259,8.694502206386648,0,1,0,1,1,0,0,0,1,0,0,1,1,0,0
180.0,1.0,1,5.236441962829949,9.140775908590273,0,1,0,1,1,0,0,0,1,0,1,0,1,0,0
360.0,1.0,1,3.871201010907891,8.493924564476883,0,1,1,0,1,0,0,0,0,1,1,0,1,0,0
360.0,1.0,0,5.099866427824199,9.392661928770137,0,1,1,0,1,0,0,0,1,0,1,0,0,1,0
360.0,1.0,0,5.075173815233827,8.704999678440762,0,1,0,1,1,0,0,0,0,1,1,0,0,0,1
360.0,1.0,1,4.330733340286331,8.257904193465674,0,1,1,0,1,0,0,0,1,0,1,0,0,1,0
360.0,1.0,1,4.787491742782046,8.340694647925071,0,1,1,0,1,0,0,0,1,0,1,0,1,0,0
360.0,1.0,0,5.135798437050262,8.649623978596727,0,1,0,1,0,1,0,0,1,0,1,0,0,1,0
360.0,1.0,1,5.231108616854587,9.399554785027307,0,1,1,0,1,0,0,0,1,0,1,0,1,0,0
360.0,1.0,1,4.787491742782046,8.35983738064003,1,0,1,0,1,0,0,0,0,1,1,0,0,0,1
360.0,1.0,1,4.727387818712341,8.737452587550584,1,0,0,1,1,0,0,0,1,0,1,0,0,1,0
360.0,1.0,0,4.418840607796598,9.305650551780507,0,1,1,0,1,0,0,0,1,0,0,1,0,0,1
360.0,1.0,1,4.499809670330265,8.536995818712418,0,1,0,1,0,1,0,0,0,1,1,0,0,1,0
360.0,0.0,1,5.111987788356544,8.5016733797582,0,1,1,0,0,0,1,0,1,0,1,0,0,1,0
180.0,1.0,0,4.852030263919617,8.292047637431354,0,1,0,1,0,0,0,1,0,1,1,0,0,0,1
360.0,1.0,1,4.90527477843843,8.430109084509125,0,1,0,1,0,1,0,0,0,1,1,0,0,0,1
360.0,1.0,1,4.820281565605037,8.27308133366583,0,1,0,1,0,0,1,0,0,1,1,0,0,1,0
360.0,1.0,1,4.787491742782046,8.391176350832751,1,0,1,0,1,0,0,0,0,1,1,0,0,1,0
360.0,1.0,1,4.382026634673881,8.084562415235304,1,0,1,0,1,0,0,0,1,0,1,0,0,0,1
360.0,1.0,1,4.007333185232471,8.780480107033297,0,1,1,0,1,0,0,0,0,1,1,0,1,0,0
360.0,1.0,1,4.07753744390572,7.8156105320351905,0,1,1,0,1,0,0,0,1,0,1,0,0,0,1
360.0,1.0,0,4.844187086458591,8.136810863675537,0,1,1,0,1,0,0,0,1,0,1,0,0,1,0
360.0,1.0,0,5.365976015021851,9.210340371976184,1,0,1,0,1,0,0,0,1,0,1,0,0,1,0
360.0,0.0,0,4.852030263919617,8.451053388911692,0,1,0,1,0,0,0,1,1,0,1,0,0,1,0
360.0,1.0,1,5.480638923341991,8.960210955576986,0,1,0,1,0,1,0,0,1,0,0,1,0,0,1
360.0,1.0,1,4.867534450455582,8.648747631156539,0,1,0,1,0,0,0,1,0,1,0,1,1,0,0
360.0,1.0,1,4.919980925828125,8.731336360533149,0,1,0,1,1,0,0,0,1,0,1,0,0,0,1
360.0,1.0,1,4.605170185988092,8.483222671845084,0,1,0,1,0,0,0,1,0,1,1,0,0,1,0
360.0,1.0,0,4.90527477843843,7.575584651557793,0,1,0,1,1,0,0,0,1,0,1,0,1,0,0
360.0,1.0,1,4.875197323201151,8.61286694148452,0,1,0,1,1,0,0,0,1,0,1,0,0,1,0
360.0,0.0,0,4.276666119016055,8.517193191416238,0,1,0,1,0,0,1,0,1,0,1,0,0,1,0
360.0,1.0,1,4.844187086458591,8.804775258867686,1,0,0,1,0,0,1,0,1,0,1,0,0,1,0
360.0,0.0,0,4.0943445622221,7.7057128238944275,0,1,0,1,1,0,0,0,1,0,1,0,0,0,1
360.0,1.0,1,4.7535901911063645,8.65277248565806,0,1,0,1,0,0,1,0,1,0,1,0,0,1,0
360.0,1.0,1,4.969813299576001,8.659039915644474,0,1,1,0,1,0,0,0,1,0,1,0,0,1,0
360.0,1.0,1,5.1647859739235145,9.058121158998672,0,1,0,1,1,0,0,0,1,0,1,0,0,1,0
360.0,1.0,1,4.852030263919617,8.740336742730447,0,1,0,1,1,0,0,0,1,0,1,0,0,1,0
360.0,1.0,0,5.135798437050262,8.086410275323782,0,1,0,1,1,0,0,0,1,0,1,0,1,0,0
360.0,1.0,0,4.927253685157205,8.462737005620179,0,1,0,1,1,0,0,0,0,1,0,1,0,0,1
360.0,1.0,1,5.3471075307174685,8.980298078970817,0,1,0,1,0,0,1,0,1,0,1,0,0,1,0
480.0,1.0,1,5.062595033026967,8.467582690862903,0,1,0,1,1,0,0,0,1,0,1,0,0,1,0
360.0,1.0,1,5.298317366548036,8.764053269347762,0,1,1,0,1,0,0,0,1,0,0,1,1,0,0
360.0,1.0,1,4.6443908991413725,8.421783006611578,0,1,0,1,0,1,0,0,1,0,1,0,0,1,0
180.0,1.0,1,3.7376696182833684,8.22040309993373,0,1,0,1,1,0,0,0,1,0,1,0,1,0,0
360.0,1.0,1,4.787491742782046,8.663369301573839,0,1,1,0,1,0,0,0,0,1,1,0,1,0,0
360.0,1.0,1,5.634789603169249,9.027978814382207,1,0,1,0,1,0,0,0,1,0,1,0,0,1,0
360.0,1.0,1,4.941642422609304,8.503905297089302,0,1,0,1,0,1,0,0,1,0,1,0,0,1,0
360.0,1.0,1,5.135798437050262,8.81877816903701,0,1,0,1,0,1,0,0,1,0,1,0,1,0,0
360.0,1.0,0,5.541263545158426,8.656259239539235,0,1,0,1,1,0,0,0,1,0,1,0,0,0,1
360.0,1.0,1,4.804021044733257,8.149890544402423,1,0,1,0,1,0,0,0,1,0,0,1,0,0,1
360.0,1.0,1,4.718498871295094,8.245909264774093,1,0,1,0,0,1,0,0,1,0,1,0,1,0,0
360.0,1.0,1,4.564348191467836,8.106212902619962,0,1,0,1,0,1,0,0,1,0,1,0,0,1,0
360.0,1.0,1,4.787491742782046,9.289059126687574,0,1,0,1,0,0,1,0,1,0,1,0,1,0,0
180.0,1.0,0,4.941642422609304,8.41027590907016,0,1,0,1,0,1,0,0,0,1,1,0,0,0,1
60.0,1.0,1,5.043425116919247,9.067162602299854,0,1,1,0,1,0,0,0,1,0,1,0,0,0,1
360.0,1.0,1,4.68213122712422,8.92930284224307,0,1,0,1,0,0,1,0,1,0,0,1,1,0,0
360.0,1.0,1,4.812184355372417,8.96482339168508,0,1,0,1,1,0,0,0,0,1,1,0,0,1,0
180.0,1.0,0,4.787491742782046,9.247925132303454,0,1,1,0,1,0,0,0,1,0,0,1,0,0,1
360.0,1.0,1,4.718498871295094,9.1801903950253,0,1,0,1,0,0,1,0,1,0,1,0,0,0,1
180.0,1.0,1,4.919980925828125,8.796036315200814,0,1,0,1,0,1,0,0,0,1,1,0,0,0,1
480.0,1.0,1,4.812184355372417,8.460622839927844,0,1,0,1,0,1,0,0,1,0,1,0,0,1,0
360.0,1.0,1,4.499809670330265,8.209852481301272,0,1,0,1,1,0,0,0,1,0,1,0,0,0,1
360.0,0.0,0,5.303304908059076,8.62299361030245,0,1,0,1,1,0,0,0,0,1,1,0,0,1,0
360.0,1.0,0,4.927253685157205,8.139440521874608,1,0,1,0,0,0,1,0,1,0,1,0,0,0,1
360.0,1.0,1,4.6443908991413725,8.465899897028686,0,1,1,0,1,0,0,0,0,1,0,1,1,0,0
180.0,1.0,1,5.631211781821365,9.186252576447092,0,1,0,1,0,1,0,0,0,1,1,0,0,1,0
360.0,0.0,0,5.2574953720277815,9.695848187757884,0,1,1,0,1,0,0,0,1,0,0,1,0,0,1
360.0,1.0,1,5.541263545158426,8.03365842788615,1,0,1,0,0,0,0,1,1,0,1,0,1,0,0
360.0,0.0,0,4.74493212836325,8.706986763048892,0,1,1,0,1,0,0,0,0,1,1,0,1,0,0
360.0,1.0,0,4.543294782270004,8.565983355585669,0,1,0,1,0,0,0,1,1,0,1,0,0,0,1
360.0,1.0,0,5.717027701406222,9.72812174830818,0,1,0,1,1,0,0,0,1,0,1,0,1,0,0
360.0,1.0,0,4.852030263919617,8.503297086224126,0,1,0,1,0,0,0,1,0,1,1,0,0,1,0
360.0,1.0,1,5.799092654460526,9.243097936214355,0,1,0,1,0,1,0,0,1,0,1,0,0,0,1
360.0,1.0,1,4.897839799950911,8.359134886757962,0,1,1,0,1,0,0,0,1,0,1,0,0,1,0
36.0,1.0,0,5.043425116919247,8.15507488781144,1,0,1,0,0,1,0,0,1,0,1,0,0,1,0
360.0,1.0,1,4.787491742782046,8.881836305004146,1,0,1,0,1,0,0,0,1,0,1,0,1,0,0
360.0,1.0,1,4.852030263919617,8.549853973655786,0,1,1,0,1,0,0,0,1,0,0,1,0,1,0
360.0,1.0,1,5.017279836814924,8.928242677818302,0,1,1,0,1,0,0,0,1,0,1,0,1,0,0
360.0,1.0,1,5.0106352940962555,8.715224041915372,0,1,0,1,0,0,1,0,1,0,1,0,0,1,0
360.0,0.0,1,5.075173815233827,8.723231274827508,0,1,0,1,0,0,0,1,1,0,1,0,0,0,1
360.0,1.0,0,4.90527477843843,8.136810863675537,1,0,1,0,1,0,0,0,1,0,1,0,1,0,0
360.0,1.0,1,4.499809670330265,8.397508348470257,1,0,1,0,0,1,0,0,1,0,1,0,0,0,1
360.0,1.0,1,3.4011973816621555,8.082402253926244,1,0,1,0,1,0,0,0,1,0,1,0,0,0,1
360.0,1.0,1,4.912654885736052,9.318835968129482,0,1,0,1,1,0,0,0,1,0,1,0,0,0,1
360.0,1.0,1,4.836281906951478,8.453187861440325,0,1,1,0,1,0,0,0,1,0,1,0,1,0,0
360.0,1.0,1,5.0106352940962555,8.48528964240323,0,1,0,1,1,0,0,0,1,0,1,0,0,1,0
360.0,1.0,1,4.499809670330265,8.268731832117737,0,1,0,1,0,0,1,0,1,0,1,0,0,1,0
360.0,1.0,1,4.74493212836325,8.432070937999402,0,1,0,1,0,1,0,0,1,0,1,0,0,1,0
360.0,1.0,1,5.332718793265369,8.891098830616636,0,1,0,1,1,0,0,0,1,0,1,0,0,1,0
360.0,1.0,1,4.382026634673881,8.390041405755754,0,1,0,1,1,0,0,0,1,0,1,0,0,0,1
360.0,1.0,1,6.077642243349034,9.587611745713565,0,1,0,1,1,0,0,0,1,0,1,0,0,1,0
360.0,1.0,1,4.820281565605037,8.318742252692399,1,0,0,1,1,0,0,0,0,1,1,0,1,0,0
360.0,0.0,0,5.062595033026967,8.776321456449958,0,1,1,0,0,1,0,0,0,1,0,1,0,0,1
360.0,1.0,1,4.718498871295094,8.461046030793236,0,1,0,1,1,0,0,0,1,0,1,0,0,1,0
180.0,1.0,1,4.356708826689592,8.097669722345216,0,1,0,1,0,0,1,0,1,0,1,0,0,0,1
360.0,1.0,1,3.9889840465642745,8.153925132007862,1,0,1,0,1,0,0,0,1,0,1,0,0,0,1
360.0,1.0,0,4.852030263919617,9.936293504261306,0,1,0,1,1,0,0,0,1,0,1,0,1,0,0
360.0,1.0,1,4.48863636973214,8.734077192559303,0,1,1,0,1,0,0,0,1,0,1,0,1,0,0
300.0,1.0,0,4.59511985013459,8.370315995555478,1,0,1,0,1,0,0,0,1,0,0,1,0,1,0
360.0,1.0,1,4.787491742782046,8.648922962094131,0,1,0,1,1,0,0,0,1,0,1,0,1,0,0
360.0,1.0,1,4.74493212836325,8.32457884513685,1,0,1,0,1,0,0,0,1,0,1,0,0,1,0
360.0,1.0,1,5.231108616854587,9.159888828480085,0,1,1,0,1,0,0,0,1,0,1,0,1,0,0
360.0,1.0,1,4.9344739331306915,8.610865667278873,0,1,0,1,1,0,0,0,1,0,1,0,1,0,0
360.0,0.0,0,4.844187086458591,8.389359819906353,0,1,0,1,0,0,1,0,1,0,1,0,0,1,0
360.0,1.0,1,4.897839799950911,8.45807992692373,0,1,0,1,0,0,1,0,1,0,1,0,0,0,1
480.0,0.0,0,4.962844630259907,8.597297435657898,1,0,1,0,1,0,0,0,1,0,1,0,0,0,1
360.0,1.0,1,5.147494476813453,8.651199471263972,0,1,0,1,1,0,0,0,1,0,1,0,0,1,0
360.0,1.0,1,4.700480365792417,8.642238680390461,0,1,0,1,0,0,0,1,1,0,1,0,0,0,1
360.0,1.0,1,5.298317366548036,8.835646922534773,0,1,0,1,0,1,0,0,1,0,1,0,0,1,0
360.0,1.0,1,4.90527477843843,8.448057452581375,1,0,0,1,0,1,0,0,1,0,1,0,0,0,1
480.0,1.0,0,5.017279836814924,8.928110078202646,1,0,1,0,1,0,0,0,1,0,1,0,1,0,0
360.0,1.0,0,4.727387818712341,8.504918160540624,0,1,0,1,0,1,0,0,1,0,1,0,0,0,1
360.0,0.0,0,4.532599493153256,8.46252579007393,0,1,0,1,1,0,0,0,0,1,1,0,0,0,1
360.0,1.0,1,4.653960350157523,8.439231649946526,0,1,0,1,1,0,0,0,0,1,1,0,0,1,0
360.0,1.0,1,4.882801922586371,8.517193191416238,1,0,1,0,1,0,0,0,1,0,1,0,1,0,0
360.0,1.0,1,4.564348191467836,8.13973227971767,0,1,0,1,0,1,0,0,1,0,1,0,0,0,1
360.0,1.0,1,4.941642422609304,8.779557455883728,0,1,1,0,1,0,0,0,1,0,1,0,1,0,0
360.0,1.0,0,4.852030263919617,7.600902459542082,0,1,1,0,1,0,0,0,0,1,1,0,0,0,1
360.0,1.0,1,4.90527477843843,8.59932602095476,1,0,1,0,1,0,0,0,1,0,1,0,1,0,0
360.0,0.0,0,4.6443908991413725,8.35772841676521,1,0,1,0,1,0,0,0,1,0,1,0,0,0,1
360.0,1.0,0,6.173786103901937,9.915070213779195,0,1,1,0,1,0,0,0,1,0,1,0,1,0,0
360.0,1.0,1,5.220355825078324,8.944680683558895,0,1,0,1,0,0,1,0,0,1,1,0,1,0,0
360.0,1.0,1,4.430816798843313,7.978310969867722,1,0,1,0,1,0,0,0,1,0,1,0,0,1,0
360.0,1.0,1,4.709530201312334,8.5814816812986,0,1,1,0,1,0,0,0,0,1,1,0,0,1,0
360.0,1.0,1,4.02535169073515,7.826842098158293,1,0,1,0,1,0,0,0,1,0,1,0,1,0,0
84.0,1.0,1,4.969813299576001,8.656259239539235,0,1,0,1,0,0,1,0,1,0,0,1,1,0,0
360.0,1.0,0,5.0689042022202315,8.370084326378025,0,1,0,1,1,0,0,0,1,0,1,0,1,0,0
180.0,1.0,1,4.709530201312334,8.524962928680598,0,1,0,1,0,1,0,0,0,1,1,0,0,0,1
360.0,1.0,1,4.787491742782046,8.220672170297252,0,1,0,1,0,0,1,0,1,0,1,0,0,1,0
360.0,1.0,1,4.477336814478207,8.340933226000878,0,1,0,1,1,0,0,0,1,0,1,0,0,0,1
360.0,1.0,1,4.718498871295094,8.172164452111904,1,0,1,0,0,1,0,0,1,0,1,0,0,1,0
360.0,1.0,0,5.043425116919247,9.210340371976184,0,1,0,1,0,1,0,0,1,0,0,1,1,0,0
360.0,1.0,1,4.74493212836325,8.426611813185,0,1,0,1,1,0,0,0,1,0,1,0,0,1,0
360.0,1.0,1,4.820281565605037,8.418697944667139,0,1,0,1,0,0,0,1,1,0,1,0,0,1,0
360.0,1.0,1,4.852030263919617,8.55468163582723,0,1,0,1,0,0,1,0,0,1,1,0,1,0,0
360.0,1.0,1,4.882801922586371,8.724369949208368,1,0,1,0,1,0,0,0,1,0,1,0,1,0,0
360.0,1.0,1,5.703782474656201,9.615805480084347,0,1,0,1,0,0,0,1,1,0,1,0,1,0,0
360.0,0.0,0,5.929589143389895,9.521421537856195,0,1,0,1,0,1,0,0,1,0,0,1,1,0,0
360.0,0.0,1,4.867534450455582,8.50045386741194,0,1,1,0,1,0,0,0,1,0,1,0,1,0,0
360.0,1.0,1,5.214935757608986,8.984443032465352,0,1,0,1,1,0,0,0,1,0,0,1,0,1,0
360.0,1.0,0,4.700480365792417,8.822322177471738,1,0,0,1,1,0,0,0,1,0,1,0,0,0,1
360.0,1.0,1,4.204692619390966,7.824046010856292,1,0,1,0,1,0,0,0,1,0,1,0,0,0,1
360.0,1.0,1,4.762173934797756,8.728587995695898,0,1,1,0,0,1,0,0,1,0,1,0,0,0,1
360.0,1.0,1,4.584967478670572,7.984462732262196,0,1,1,0,1,0,0,0,1,0,1,0,0,1,0
360.0,1.0,1,4.2626798770413155,7.949091499830517,0,1,1,0,1,0,0,0,1,0,1,0,0,0,1
180.0,1.0,1,6.194405391104672,11.05622495553552,0,1,0,1,1,0,0,0,1,0,1,0,0,0,1
180.0,1.0,1,5.204006687076795,9.364433907313582,0,1,0,1,0,1,0,0,1,0,0,1,0,0,1
360.0,1.0,1,4.248495242049359,9.209640126861789,0,1,0,1,1,0,0,0,1,0,0,1,0,1,0
360.0,1.0,1,5.075173815233827,8.689127655323706,0,1,0,1,0,1,0,0,1,0,1,0,1,0,0
360.0,1.0,1,5.170483995038151,8.867850063029406,0,1,0,1,0,0,1,0,1,0,0,1,1,0,0
360.0,0.0,0,4.852030263919617,7.512071245835466,1,0,1,0,0,0,0,1,0,1,1,0,0,0,1
360.0,1.0,1,4.2626798770413155,8.333270353255308,1,0,1,0,1,0,0,0,1,0,1,0,0,1,0
360.0,1.0,0,5.153291594497779,8.350902451694811,0,1,0,1,0,0,0,1,0,1,1,0,1,0,0
360.0,1.0,0,3.828641396489095,7.774015077250727,1,0,1,0,1,0,0,0,1,0,1,0,1,0,0
360.0,1.0,1,5.062595033026967,8.662677858158219,0,1,0,1,0,1,0,0,0,1,1,0,0,0,1
360.0,1.0,1,4.30406509320417,8.062432791583195,0,1,0,1,0,0,0,1,0,1,1,0,0,1,0
360.0,1.0,1,4.8283137373023015,8.499640032168648,0,1,0,1,0,0,1,0,1,0,1,0,1,0,0
360.0,1.0,1,5.075173815233827,8.508555998020574,0,1,0,1,1,0,0,0,1,0,1,0,0,1,0
360.0,0.0,0,5.0238805208462765,8.817742129574842,0,1,0,1,1,0,0,0,0,1,1,0,1,0,0
360.0,1.0,1,4.836281906951478,8.566173813637858,0,1,0,1,0,0,1,0,0,1,1,0,0,0,1
360.0,1.0,1,5.556828061699537,9.29798488182823,0,1,0,1,1,0,0,0,1,0,1,0,0,1,0
360.0,1.0,1,5.231108616854587,9.090993614343617,0,1,0,1,1,0,0,0,1,0,1,0,1,0,0
360.0,1.0,1,5.429345628954441,9.114159813502214,0,1,0,1,1,0,0,0,1,0,1,0,0,1,0
360.0,1.0,0,5.730099782973574,9.466299552232016,0,1,1,0,1,0,0,0,1,0,1,0,1,0,0
360.0,1.0,1,4.553876891600541,8.465689348549121,0,1,0,1,0,0,0,1,1,0,1,0,1,0,0
360.0,0.0,0,4.653960350157523,8.612503371220562,1,0,0,1,1,0,0,0,1,0,0,1,1,0,0
360.0,1.0,1,4.867534450455582,7.982074875081202,1,0,0,1,1,0,0,0,1,0,1,0,0,1,0
180.0,1.0,1,4.7535901911063645,8.246171559857563,1,0,1,0,1,0,0,0,1,0,1,0,0,0,1
360.0,1.0,1,5.10594547390058,9.350102314351341,0,1,0,1,0,0,1,0,1,0,1,0,1,0,0
360.0,1.0,0,4.204692619390966,8.262300941787448,0,1,0,1,0,1,0,0,1,0,1,0,0,0,1
480.0,0.0,0,4.605170185988092,8.448057452581375,0,1,0,1,1,0,0,0,0,1,1,0,0,0,1
360.0,1.0,1,5.298317366548036,9.0280988119824,0,1,0,1,0,0,0,1,1,0,1,0,0,1,0
360.0,1.0,0,4.394449154672439,8.460199469896118,1,0,1,0,0,1,0,0,1,0,1,0,0,1,0
360.0,1.0,1,5.4638318050256105,9.067277989134345,0,1,0,1,0,0,1,0,1,0,1,0,0,1,0
360.0,1.0,1,4.867534450455582,8.865452825753623,0,1,0,1,1,0,0,0,1,0,1,0,0,0,1
300.0,1.0,1,4.553876891600541,8.707152175339404,0,1,0,1,1,0,0,0,1,0,1,0,0,0,1
360.0,1.0,1,4.948759890378168,8.82790796297859,0,1,1,0,1,0,0,0,1,0,0,1,1,0,0
360.0,1.0,0,4.890349128221754,8.734881892047483,0,1,1,0,1,0,0,0,0,1,1,0,1,0,0
480.0,1.0,0,4.564348191467836,7.824046010856292,0,1,1,0,1,0,0,0,1,0,1,0,0,1,0
360.0,0.0,0,4.820281565605037,8.541690663016626,0,1,1,0,1,0,0,0,1,0,1,0,1,0,0
360.0,1.0,1,5.1647859739235145,8.752265313595721,0,1,0,1,0,1,0,0,1,0,1,0,0,1,0
360.0,1.0,0,6.345636360828596,10.126471091048971,0,1,0,1,1,0,0,0,1,0,1,0,1,0,0
360.0,1.0,1,4.007333185232471,9.665166909622071,1,0,1,0,1,0,0,0,1,0,0,1,0,1,0
360.0,1.0,1,5.043425116919247,8.553525120663627,0,1,0,1,0,0,1,0,1,0,1,0,0,1,0
300.0,1.0,1,5.940171252720432,9.752432077616172,0,1,0,1,0,0,1,0,1,0,0,1,1,0,0
180.0,0.0,0,4.709530201312334,8.526945482858915,0,1,1,0,0,1,0,0,1,0,1,0,0,0,1
360.0,1.0,1,4.700480365792417,8.348301054933943,1,0,1,0,1,0,0,0,1,0,1,0,0,0,1
180.0,1.0,1,4.787491742782046,8.655214489313613,0,1,0,1,1,0,0,0,1,0,1,0,0,0,1
360.0,1.0,1,4.867534450455582,9.52850315168155,0,1,0,1,0,0,0,1,1,0,1,0,1,0,0
360.0,1.0,1,4.867534450455582,8.368693183097793,0,1,0,1,1,0,0,0,1,0,1,0,0,1,0
480.0,1.0,0,4.2626798770413155,8.029107054619736,0,1,1,0,1,0,0,0,1,0,1,0,0,0,1
360.0,1.0,1,4.867534450455582,8.592486175451668,0,1,0,1,0,0,1,0,1,0,1,0,0,0,1
360.0,1.0,1,4.852030263919617,8.671286726753637,0,1,0,1,1,0,0,0,1,0,1,0,0,1,0
360.0,1.0,1,5.69035945432406,9.227492430793749,0,1,1,0,1,0,0,0,1,0,1,0,0,1,0
360.0,1.0,1,5.049856007249537,8.699514748210191,1,0,1,0,1,0,0,0,1,0,1,0,0,0,1
360.0,1.0,1,4.852030263919617,8.877242435993919,0,1,1,0,1,0,0,0,1,0,0,1,0,0,1
360.0,1.0,0,4.605170185988092,8.42639282708974,0,1,0,1,0,0,1,0,1,0,1,0,0,0,1
180.0,1.0,1,4.727387818712341,8.207129168071326,0,1,1,0,0,1,0,0,1,0,1,0,0,0,1
360.0,1.0,1,4.882801922586371,8.28045768658256,0,1,1,0,1,0,0,0,0,1,1,0,0,1,0
360.0,0.0,0,4.852030263919617,8.72355674269043,0,1,0,1,1,0,0,0,0,1,1,0,0,0,1
360.0,1.0,1,4.912654885736052,8.465899897028686,0,1,0,1,1,0,0,0,1,0,1,0,0,0,1
360.0,1.0,1,4.8283137373023015,8.610319169405722,0,1,0,1,1,0,0,0,1,0,1,0,1,0,0
360.0,1.0,1,5.220355825078324,9.123365357961776,0,1,1,0,0,0,0,1,1,0,1,0,1,0,0
360.0,1.0,1,5.616771097666572,9.159468041602427,0,1,0,1,0,0,0,1,1,0,1,0,1,0,0
360.0,1.0,1,4.787491742782046,8.454892165218858,0,1,0,1,1,0,0,0,1,0,1,0,0,0,1
180.0,1.0,1,4.727387818712341,8.193676665955241,0,1,0,1,0,0,1,0,0,1,1,0,0,1,0
360.0,1.0,1,4.727387818712341,8.411832675758411,0,1,0,1,0,0,1,0,1,0,1,0,0,0,1
360.0,1.0,1,4.90527477843843,8.23217423638394,0,1,0,1,0,0,1,0,1,0,1,0,0,1,0
360.0,0.0,0,4.2626798770413155,8.064636475774222,1,0,1,0,1,0,0,0,1,0,1,0,0,0,1
360.0,1.0,1,4.553876891600541,8.410053315858335,0,1,0,1,1,0,0,0,1,0,1,0,0,0,1
360.0,1.0,1,4.6913478822291435,8.624791202014256,0,1,1,0,1,0,0,0,0,1,1,0,1,0,0
360.0,0.0,0,4.634728988229636,8.101677747454572,1,0,1,0,1,0,0,0,1,0,1,0,0,1,0
180.0,0.0,0,3.8066624897703196,7.968665700466235,0,1,0,1,0,0,1,0,0,1,1,0,0,0,1
300.0,1.0,0,4.174387269895637,7.9211727215870145,0,1,1,0,1,0,0,0,0,1,1,0,1,0,0
360.0,1.0,1,4.634728988229636,10.021270588192511,0,1,1,0,1,0,0,0,1,0,1,0,0,1,0
360.0,1.0,1,3.970291913552122,7.5822291942764615,1,0,1,0,1,0,0,0,0,1,1,0,0,1,0
360.0,1.0,0,5.267858159063328,8.914760527397261,1,0,1,0,1,0,0,0,1,0,0,1,1,0,0
360.0,1.0,1,4.74493212836325,8.42222295382501,1,0,1,0,1,0,0,0,1,0,1,0,0,1,0
360.0,1.0,1,4.74493212836325,8.426611813185,0,1,0,1,1,0,0,0,0,1,1,0,0,0,1
360.0,1.0,1,4.189654742026425,7.70210434005105,1,0,1,0,1,0,0,0,0,1,1,0,1,0,0
300.0,0.0,0,5.0238805208462765,9.02401079378469,0,1,0,1,0,1,0,0,1,0,1,0,0,1,0
360.0,0.0,0,5.886104031450156,11.302204433654575,0,1,0,1,0,0,0,1,1,0,1,0,1,0,0
360.0,1.0,0,4.127134385045092,8.260234291607297,1,0,1,0,0,1,0,0,0,1,0,1,0,1,0
360.0,1.0,1,5.075173815233827,8.741296282225147,0,1,0,1,1,0,0,0,1,0,1,0,0,0,1
360.0,0.0,0,5.384495062789089,8.715388097366482,0,1,0,1,1,0,0,0,0,1,1,0,1,0,0
360.0,1.0,1,4.700480365792417,8.363109176033522,0,1,0,1,1,0,0,0,0,1,1,0,1,0,0
360.0,0.0,0,5.181783550292085,8.591558273371545,1,0,0,1,1,0,0,0,0,1,1,0,0,1,0
360.0,1.0,1,4.0943445622221,8.00469951054955,1,0,1,0,1,0,0,0,1,0,1,0,0,0,1
360.0,1.0,0,5.075173815233827,7.8632667240095735,1,0,1,0,0,1,0,0,1,0,1,0,0,0,1
360.0,1.0,0,5.476463551931511,9.980448593672257,0,1,0,1,0,0,1,0,1,0,0,1,0,0,1
360.0,1.0,1,4.718498871295094,8.242229891372231,0,1,0,1,1,0,0,0,1,0,1,0,1,0,0
360.0,1.0,1,4.927253685157205,8.44741429680832,0,1,0,1,1,0,0,0,1,0,1,0,0,1,0
360.0,1.0,1,4.927253685157205,8.67060073804555,0,1,0,1,1,0,0,0,1,0,1,0,1,0,0
360.0,0.0,0,4.382026634673881,7.908387159290043,1,0,1,0,1,0,0,0,0,1,1,0,0,0,1
360.0,1.0,1,4.605170185988092,8.171599480345463,0,1,0,1,1,0,0,0,1,0,1,0,0,0,1
360.0,0.0,0,4.700480365792417,9.095714846134879,0,1,0,1,0,1,0,0,1,0,1,0,0,0,1
360.0,1.0,1,4.564348191467836,9.607773308387083,0,1,0,1,1,0,0,0,1,0,1,0,0,1,0
360.0,1.0,1,4.795790545596741,8.848796450925947,0,1,0,1,1,0,0,0,1,0,1,0,1,0,0
360.0,1.0,0,4.394449154672439,8.43511508038063,1,0,1,0,0,1,0,0,0,1,1,0,1,0,0
360.0,1.0,1,4.890349128221754,8.688622307043769,0,1,0,1,0,0,1,0,1,0,1,0,0,1,0
360.0,1.0,1,4.465908118654584,7.984844261119869,0,1,0,1,1,0,0,0,1,0,1,0,1,0,0
180.0,1.0,1,4.0943445622221,7.907283609426348,0,1,1,0,1,0,0,0,0,1,1,0,0,0,1
360.0,1.0,1,5.0106352940962555,9.06230429314878,1,0,1,0,0,1,0,0,1,0,0,1,0,1,0
360.0,0.0,0,4.653960350157523,8.779557455883728,0,1,1,0,1,0,0,0,1,0,1,0,1,0,0
360.0,1.0,1,6.003887067106539,9.463120392418698,0,1,1,0,1,0,0,0,1,0,1,0,0,1,0
360.0,1.0,1,4.962844630259907,8.469052816088302,0,1,0,1,1,0,0,0,1,0,1,0,0,1,0
360.0,1.0,1,4.605170185988092,8.229511118964457,0,1,1,0,1,0,0,0,1,0,1,0,0,0,1
240.0,1.0,1,4.852030263919617,9.215029361462314,1,0,0,1,1,0,0,0,1,0,1,0,0,1,0
360.0,1.0,1,3.912023005428146,8.236685322712457,0,1,1,0,1,0,0,0,1,0,1,0,0,1,0
360.0,1.0,1,4.852030263919617,8.11312710422178,0,1,0,1,1,0,0,0,1,0,1,0,0,0,1
360.0,0.0,0,5.231108616854587,9.251098364448351,0,1,1,0,1,0,0,0,1,0,0,1,0,0,1
360.0,1.0,1,4.927253685157205,8.873748128154395,1,0,0,1,1,0,0,0,0,1,0,1,1,0,0
360.0,1.0,1,5.231108616854587,9.07383312732152,0,1,1,0,1,0,0,0,1,0,1,0,0,1,0
360.0,1.0,1,5.19295685089021,9.1833801903934,0,1,0,1,1,0,0,0,1,0,1,0,1,0,0
360.0,1.0,1,4.997212273764115,8.809862805379057,0,1,1,0,0,0,0,1,0,1,1,0,0,1,0
360.0,1.0,1,5.0238805208462765,10.537919225261291,0,1,1,0,0,1,0,0,1,0,1,0,0,1,0
300.0,1.0,1,5.1647859739235145,9.659248037927183,0,1,0,1,1,0,0,0,1,0,1,0,1,0,0
360.0,1.0,1,4.867534450455582,8.450198322591959,0,1,0,1,0,1,0,0,1,0,0,1,1,0,0
360.0,1.0,1,4.700480365792417,8.445052513638554,0,1,0,1,0,0,1,0,0,1,1,0,1,0,0
360.0,1.0,0,4.007333185232471,8.500047032581268,0,1,0,1,1,0,0,0,1,0,1,0,1,0,0
360.0,0.0,0,5.0106352940962555,8.527143522269405,0,1,0,1,0,0,1,0,1,0,1,0,1,0,0
360.0,1.0,0,5.247024072160486,8.368925174747135,0,1,1,0,0,1,0,0,0,1,0,1,0,1,0
360.0,0.0,0,4.8283137373023015,8.1786387885907,0,1,0,1,0,0,1,0,0,1,1,0,1,0,0
300.0,1.0,1,4.0943445622221,8.135639903354386,0,1,0,1,0,0,1,0,0,1,1,0,0,0,1
360.0,0.0,0,5.003946305945459,8.644882552557126,0,1,0,1,1,0,0,0,1,0,1,0,1,0,0
180.0,0.0,1,4.499809670330265,8.506940814951886,0,1,0,1,1,0,0,0,1,0,1,0,1,0,0
360.0,1.0,1,4.430816798843313,8.865735152124781,0,1,1,0,1,0,0,0,1,0,0,1,0,1,0
360.0,1.0,1,4.564348191467836,8.258163361537619,0,1,0,1,0,0,1,0,1,0,1,0,0,1,0
360.0,1.0,1,4.770684624465665,8.366602832783736,0,1,0,1,1,0,0,0,1,0,1,0,0,0,1
360.0,1.0,0,5.153291594497779,8.744647438317532,0,1,0,1,1,0,0,0,1,0,1,0,0,0,1
360.0,1.0,1,4.912654885736052,8.378850241794492,0,1,1,0,0,0,1,0,1,0,1,0,1,0,0
360.0,1.0,0,5.075173815233827,9.0280988119824,0,1,0,1,1,0,0,0,1,0,1,0,0,1,0
360.0,1.0,1,5.075173815233827,8.726805608446096,0,1,0,1,1,0,0,0,1,0,0,1,0,1,0
180.0,1.0,1,4.852030263919617,8.954156966583772,0,1,0,1,0,0,0,1,1,0,1,0,0,0,1
360.0,1.0,1,5.030437921392435,8.556990661290303,0,1,0,1,1,0,0,0,1,0,1,0,1,0,0
360.0,1.0,1,4.882801922586371,8.55468163582723,1,0,1,0,0,1,0,0,0,1,1,0,0,1,0
360.0,0.0,0,4.584967478670572,8.334711621820917,0,1,1,0,1,0,0,0,1,0,1,0,0,1,0
360.0,1.0,1,4.941642422609304,8.699514748210191,0,1,1,0,1,0,0,0,1,0,1,0,1,0,0
180.0,0.0,0,4.248495242049359,8.436200032206706,0,1,0,1,0,0,0,1,0,1,1,0,0,0,1
360.0,1.0,1,4.700480365792417,9.722684841711443,0,1,0,1,1,0,0,0,1,0,1,0,0,1,0
360.0,1.0,1,4.584967478670572,8.047829357457841,1,0,0,1,0,0,1,0,0,1,1,0,0,1,0
360.0,1.0,0,4.700480365792417,8.822322177471738,0,1,0,1,1,0,0,0,1,0,1,0,0,0,1
360.0,1.0,1,5.087596335232384,8.617762246337932,0,1,0,1,0,1,0,0,1,0,0,1,0,1,0
180.0,0.0,0,4.727387818712341,8.331586243630754,0,1,0,1,0,1,0,0,0,1,1,0,1,0,0
360.0,1.0,1,4.605170185988092,8.453401058328458,0,1,0,1,0,0,0,1,1,0,1,0,0,1,0
360.0,1.0,1,4.532599493153256,7.824046010856292,1,0,1,0,1,0,0,0,1,0,0,1,0,0,1
360.0,1.0,1,5.087596335232384,9.228180290104513,0,1,1,0,0,0,1,0,1,0,1,0,1,0,0
360.0,1.0,1,5.0106352940962555,9.772182251758139,0,1,0,1,0,0,1,0,1,0,0,1,1,0,0
300.0,1.0,1,5.438079308923196,9.041921720351219,0,1,0,1,0,0,1,0,1,0,1,0,0,1,0
360.0,0.0,0,4.882801922586371,8.464846711044029,0,1,0,1,0,0,1,0,1,0,1,0,0,1,0
360.0,1.0,1,4.454347296253507,9.847816267665664,0,1,0,1,0,1,0,0,1,0,0,1,0,1,0
360.0,1.0,0,4.852030263919617,8.422882511944996,0,1,0,1,0,0,1,0,1,0,1,0,0,0,1
360.0,1.0,1,5.0369526024136295,8.37793112408273,1,0,1,0,1,0,0,0,0,1,1,0,1,0,0
360.0,1.0,1,4.727387818712341,8.037543185118697,0,1,0,1,0,0,0,1,0,1,1,0,1,0,0
360.0,1.0,1,4.852030263919617,8.562740006372207,0,1,0,1,1,0,0,0,1,0,1,0,0,1,0
360.0,1.0,1,5.455321115357702,9.290352309945568,0,1,0,1,1,0,0,0,1,0,1,0,0,1,0
360.0,1.0,1,5.5053315359323625,9.027978814382207,0,1,0,1,0,0,1,0,1,0,1,0,0,1,0
360.0,1.0,1,4.875197323201151,8.387995252944556,0,1,0,1,0,1,0,0,0,1,1,0,1,0,0
360.0,0.0,0,4.382026634673881,8.173857454773621,0,1,1,0,0,0,1,0,1,0,1,0,1,0,0
360.0,1.0,0,6.214608098422191,9.816457993563025,0,1,0,1,0,1,0,0,1,0,1,0,0,0,1
360.0,1.0,1,5.075173815233827,8.804775258867686,0,1,0,1,0,0,1,0,1,0,0,1,0,1,0
360.0,1.0,0,4.31748811353631,7.79770203551669,0,1,1,0,1,0,0,0,1,0,1,0,0,0,1
360.0,1.0,1,4.564348191467836,8.609590040682205,0,1,1,0,1,0,0,0,0,1,1,0,0,1,0
360.0,1.0,1,5.225746673713202,8.774003600200931,0,1,0,1,0,1,0,0,0,1,1,0,0,0,1
360.0,1.0,1,4.700480365792417,8.213652703029998,0,1,1,0,1,0,0,0,0,1,1,0,1,0,0
360.0,1.0,1,5.41610040220442,9.756320761816548,1,0,1,0,1,0,0,0,0,1,0,1,0,1,0
360.0,0.0,0,4.77912349311153,8.657650544111494,0,1,0,1,1,0,0,0,1,0,1,0,1,0,0
84.0,1.0,1,4.653960350157523,8.352082671352637,1,0,0,1,0,1,0,0,1,0,1,0,0,1,0
360.0,1.0,1,4.672828834461906,8.366370301681654,0,1,0,1,1,0,0,0,0,1,1,0,1,0,0
12.0,1.0,1,4.709530201312334,8.920255414908091,0,1,0,1,1,0,0,0,1,0,1,0,0,0,1
360.0,1.0,1,4.553876891600541,7.970740390007095,0,1,0,1,0,1,0,0,1,0,0,1,0,1,0
360.0,0.0,0,5.342334251964811,9.277905558138606,0,1,1,0,1,0,0,0,1,0,1,0,1,0,0
480.0,1.0,1,4.727387818712341,8.372860820526318,1,0,1,0,1,0,0,0,1,0,1,0,1,0,0
360.0,1.0,1,4.605170185988092,8.058010800802085,1,0,1,0,1,0,0,0,1,0,1,0,0,1,0
360.0,1.0,1,5.337538079701318,9.258082367961604,0,1,0,1,0,0,1,0,1,0,1,0,0,1,0
360.0,1.0,0,4.927253685157205,9.143345503151904,0,1,0,1,0,1,0,0,0,1,1,0,1,0,0
300.0,1.0,1,4.820281565605037,8.574895901544526,0,1,0,1,1,0,0,0,0,1,1,0,0,1,0
360.0,1.0,1,5.493061443340548,8.97790377375038,0,1,0,1,0,0,1,0,1,0,1,0,1,0,0
360.0,1.0,1,6.173786103901937,10.221941283654663,0,1,0,1,1,0,0,0,1,0,1,0,0,0,1
360.0,1.0,0,4.564348191467836,8.183955717304954,0,1,1,0,1,0,0,0,1,0,1,0,0,0,1
360.0,1.0,1,5.236441962829949,8.61104776688786,0,1,0,1,1,0,0,0,1,0,0,1,0,0,1
360.0,1.0,1,3.6888794541139363,9.492658081928813,1,0,1,0,0,1,0,0,1,0,1,0,0,0,1
360.0,1.0,0,4.605170185988092,8.493924564476883,0,1,1,0,1,0,0,0,0,1,1,0,1,0,0
360.0,1.0,1,5.521460917862246,8.995784837848506,0,1,0,1,0,1,0,0,1,0,1,0,0,1,0
360.0,1.0,1,4.997212273764115,8.578852571802965,0,1,0,1,0,0,1,0,1,0,1,0,0,0,1
180.0,1.0,0,4.248495242049359,9.082052351674651,0,1,0,1,1,0,0,0,1,0,1,0,0,1,0
360.0,1.0,0,5.739792912179234,9.15704507491796,0,1,1,0,1,0,0,0,1,0,1,0,1,0,0
360.0,1.0,1,5.0106352940962555,8.83840674707681,0,1,0,1,0,0,0,1,1,0,1,0,1,0,0
480.0,1.0,1,4.727387818712341,8.206037762778815,1,0,0,1,0,0,1,0,1,0,1,0,0,1,0
360.0,0.0,0,4.812184355372417,8.491670234185152,0,1,0,1,1,0,0,0,0,1,1,0,0,1,0
360.0,1.0,0,5.220355825078324,8.794521851788527,0,1,1,0,1,0,0,0,1,0,1,0,0,1,0
360.0,1.0,0,4.553876891600541,8.131530710604252,1,0,1,0,1,0,0,0,0,1,1,0,1,0,0
360.0,1.0,1,3.8066624897703196,8.277411998949004,0,1,0,1,0,0,1,0,0,1,1,0,0,1,0
360.0,1.0,1,4.007333185232471,7.824046010856292,0,1,1,0,1,0,0,0,1,0,1,0,0,1,0
360.0,1.0,1,4.605170185988092,8.867990898182093,0,1,0,1,0,0,0,1,1,0,0,1,1,0,0
360.0,1.0,1,6.173786103901937,9.623376745580666,0,1,0,1,0,0,1,0,1,0,0,1,1,0,0
360.0,1.0,0,4.852030263919617,8.819813136232225,0,1,1,0,1,0,0,0,1,0,1,0,0,1,0
360.0,1.0,1,5.991464547107982,9.769956159911606,0,1,0,1,0,0,1,0,1,0,0,1,1,0,0
360.0,1.0,1,4.700480365792417,8.236155661683124,0,1,0,1,1,0,0,0,1,0,1,0,0,1,0
360.0,0.0,1,5.081404364984463,8.812099108957337,0,1,0,1,0,1,0,0,0,1,1,0,0,1,0
360.0,1.0,1,4.543294782270004,8.289288323000317,0,1,1,0,0,1,0,0,0,1,1,0,0,1,0
360.0,1.0,1,4.867534450455582,8.82217476094608,0,1,1,0,1,0,0,0,0,1,1,0,0,1,0
360.0,1.0,1,5.375278407684165,8.783396232190894,0,1,0,1,1,0,0,0,1,0,1,0,1,0,0
360.0,1.0,1,4.605170185988092,8.361941906144946,0,1,0,1,0,0,0,1,1,0,1,0,0,0,1
360.0,0.0,0,4.700480365792417,8.185350223178686,0,1,1,0,0,0,1,0,1,0,1,0,1,0,0
360.0,1.0,0,5.278114659230517,9.328123407632566,0,1,1,0,0,1,0,0,1,0,1,0,0,1,0
360.0,1.0,1,4.8283137373023015,9.807251944655302,1,0,1,0,1,0,0,0,0,1,0,1,0,0,1
360.0,1.0,1,4.836281906951478,8.432070937999402,0,1,1,0,1,0,0,0,0,1,1,0,1,0,0
360.0,1.0,1,5.780743515792329,9.214232786691527,0,1,0,1,1,0,0,0,1,0,1,0,0,0,1
360.0,1.0,1,4.672828834461906,8.193400231952097,0,1,1,0,0,0,1,0,1,0,1,0,0,1,0
360.0,1.0,0,4.189654742026425,8.146998697389993,0,1,0,1,1,0,0,0,0,1,1,0,1,0,0
180.0,1.0,1,5.056245805348308,8.766705997750515,0,1,0,1,0,0,0,1,1,0,1,0,1,0,0
180.0,1.0,1,4.941642422609304,8.916371914881694,1,0,0,1,0,1,0,0,1,0,1,0,0,1,0
360.0,0.0,0,4.59511985013459,7.6676260915849905,1,0,1,0,1,0,0,0,1,0,1,0,0,1,0
360.0,1.0,1,4.553876891600541,8.20303024171486,1,0,1,0,0,1,0,0,1,0,1,0,0,1,0
360.0,1.0,1,4.852030263919617,8.46863300080086,0,1,0,1,0,1,0,0,0,1,1,0,0,0,1
360.0,1.0,1,4.624972813284271,8.210668031162976,1,0,0,1,1,0,0,0,0,1,1,0,0,1,0
360.0,1.0,1,5.043425116919247,8.45914025996762,0,1,0,1,1,0,0,0,1,0,1,0,1,0,0
36.0,1.0,0,4.382026634673881,8.119100837637486,0,1,1,0,1,0,0,0,0,1,1,0,0,1,0
360.0,1.0,1,4.976733742420574,8.368461137615839,0,1,1,0,1,0,0,0,1,0,1,0,1,0,0
360.0,0.0,0,4.634728988229636,8.517193191416238,1,0,1,0,1,0,0,0,1,0,1,0,0,1,0
360.0,1.0,1,4.700480365792417,8.476579508530941,0,1,0,1,1,0,0,0,1,0,1,0,1,0,0
360.0,0.0,0,4.852030263919617,8.799812469525556,0,1,0,1,0,0,1,0,1,0,0,1,1,0,0
360.0,1.0,1,4.852030263919617,8.490233009833455,0,1,0,1,0,1,0,0,0,1,1,0,1,0,0
360.0,1.0,1,5.062595033026967,8.792245847467877,0,1,0,1,0,1,0,0,1,0,1,0,0,0,1
360.0,0.0,0,5.198497031265826,8.473659189392508,0,1,0,1,1,0,0,0,0,1,1,0,0,0,1
180.0,0.0,0,4.882801922586371,8.969414650866176,0,1,0,1,1,0,0,0,1,0,1,0,1,0,0
360.0,1.0,1,3.258096538021482,8.779557455883728,0,1,0,1,0,1,0,0,1,0,1,0,0,1,0
360.0,1.0,1,4.430816798843313,8.36450810375059,1,0,1,0,1,0,0,0,1,0,1,0,0,0,1
360.0,1.0,1,5.560681631015528,9.22414465295258,0,1,0,1,0,0,0,1,1,0,0,1,0,1,0
360.0,1.0,1,5.087596335232384,8.78813593986372,0,1,0,1,1,0,0,0,1,0,1,0,0,1,0
360.0,1.0,1,5.204006687076795,8.777401286867264,1,0,0,1,1,0,0,0,1,0,1,0,0,1,0
360.0,1.0,1,4.68213122712422,8.27308133366583,0,1,0,1,0,0,1,0,0,1,1,0,0,1,0
360.0,1.0,1,6.396929655216146,9.877348894926433,1,0,0,1,0,1,0,0,1,0,0,1,0,1,0
360.0,1.0,1,5.351858133476067,8.984317679911129,0,1,0,1,1,0,0,0,1,0,1,0,1,0,0
360.0,1.0,1,4.882801922586371,8.66561319653451,0,1,1,0,1,0,0,0,0,1,0,1,0,1,0
360.0,0.0,0,5.552959584921617,9.08239335764556,0,1,0,1,0,0,1,0,1,0,1,0,0,0,1
360.0,1.0,1,4.787491742782046,8.404472321352118,0,1,0,1,1,0,0,0,0,1,1,0,1,0,0
360.0,1.0,1,4.248495242049359,8.11162807830774,0,1,1,0,1,0,0,0,1,0,1,0,0,0,1
360.0,0.0,0,4.812184355372417,8.68270762989381,0,1,0,1,0,0,0,1,1,0,1,0,1,0,0
360.0,1.0,0,2.1972245773362196,7.774015077250727,1,0,1,0,1,0,0,0,1,0,1,0,0,0,1
360.0,0.0,0,4.6443908991413725,8.56216655705897,0,1,0,1,1,0,0,0,1,0,1,0,0,0,1
360.0,1.0,1,5.225746673713202,8.550047528287184,0,1,0,1,0,1,0,0,1,0,1,0,0,0,1
360.0,0.0,0,5.10594547390058,8.789812386190972,0,1,0,1,1,0,0,0,1,0,1,0,0,0,1
360.0,1.0,1,5.616771097666572,9.721125994942152,0,1,0,1,0,0,1,0,1,0,1,0,0,0,1
480.0,1.0,0,5.231108616854587,8.955448122347393,0,1,0,1,0,0,1,0,0,1,1,0,0,1,0
360.0,1.0,0,5.0106352940962555,8.764990330169104,0,1,0,1,0,0,0,1,1,0,1,0,0,1,0
84.0,1.0,1,4.68213122712422,8.194229304819817,0,1,0,1,0,0,1,0,1,0,1,0,0,0,1
360.0,0.0,0,4.912654885736052,8.574895901544526,0,1,0,1,1,0,0,0,1,0,1,0,0,1,0
360.0,1.0,1,4.700480365792417,8.694167141883597,0,1,1,0,1,0,0,0,1,0,1,0,0,0,1
360.0,1.0,1,4.672828834461906,8.297543529356284,0,1,0,1,0,1,0,0,1,0,1,0,1,0,0
360.0,1.0,1,5.081404364984463,8.715880102296456,0,1,1,0,1,0,0,0,1,0,1,0,0,0,1
360.0,1.0,1,5.3230099791384085,8.785692444451245,0,1,0,1,0,0,1,0,1,0,1,0,0,1,0
360.0,1.0,0,4.499809670330265,10.482149379105689,0,1,1,0,1,0,0,0,1,0,1,0,0,0,1
360.0,1.0,1,3.58351893845611,8.060224240440958,1,0,0,1,1,0,0,0,1,0,1,0,0,1,0
360.0,1.0,0,4.110873864173311,7.539027055823995,0,1,0,1,0,1,0,0,1,0,1,0,1,0,0
360.0,0.0,0,4.983606621708336,8.456168489578463,0,1,0,1,0,1,0,0,1,0,1,0,1,0,0
84.0,1.0,0,5.147494476813453,8.893298144217916,0,1,0,1,0,1,0,0,1,0,1,0,1,0,0
360.0,1.0,1,4.6443908991413725,8.247743887225516,0,1,0,1,1,0,0,0,1,0,1,0,0,0,1
360.0,1.0,1,4.248495242049359,7.68017564043659,1,0,1,0,1,0,0,0,0,1,1,0,0,1,0
360.0,1.0,1,4.543294782270004,8.465899897028686,0,1,1,0,1,0,0,0,1,0,1,0,0,1,0
360.0,0.0,0,4.663439094112067,7.9105906122564775,0,1,0,1,0,0,1,0,1,0,0,1,0,1,0
180.0,1.0,1,4.02535169073515,8.766550149546351,0,1,0,1,1,0,0,0,1,0,1,0,0,1,0
240.0,1.0,0,5.3230099791384085,8.699514748210191,0,1,0,1,0,0,1,0,1,0,0,1,0,1,0
360.0,1.0,1,5.676753802268282,9.143880005275912,0,1,1,0,0,0,0,1,1,0,0,1,0,1,0
180.0,1.0,1,4.955827057601261,8.876125585396185,0,1,0,1,1,0,0,0,1,0,1,0,1,0,0
360.0,1.0,1,5.560681631015528,9.68781601606062,0,1,0,1,1,0,0,0,1,0,0,1,0,0,1
360.0,1.0,1,4.700480365792417,8.251403065380556,0,1,1,0,1,0,0,0,0,1,1,0,1,0,0
360.0,1.0,0,5.231108616854587,8.906935339059165,0,1,0,1,0,0,1,0,0,1,0,1,1,0,0
360.0,0.0,0,4.477336814478207,8.00202481821611,0,1,1,0,1,0,0,0,1,0,1,0,0,1,0
360.0,1.0,1,5.19295685089021,9.206633510044856,0,1,0,1,1,0,0,0,1,0,0,1,1,0,0
360.0,1.0,1,5.2574953720277815,8.662158961666423,0,1,0,1,0,0,1,0,1,0,1,0,0,0,1
180.0,1.0,0,5.857933154483459,10.647399137646048,1,0,1,0,0,0,0,1,1,0,1,0,0,0,1
360.0,1.0,1,5.043425116919247,8.645762292210945,0,1,0,1,1,0,0,0,0,1,1,0,1,0,0
360.0,1.0,1,4.852030263919617,8.648747631156539,0,1,0,1,0,0,0,1,1,0,1,0,0,0,1
360.0,1.0,1,5.147494476813453,8.984317679911129,0,1,1,0,1,0,0,0,1,0,1,0,1,0,0
360.0,1.0,1,6.206575926724928,9.392661928770137,1,0,0,1,0,1,0,0,1,0,1,0,0,1,0
180.0,1.0,0,4.852030263919617,8.732304571033183,0,1,0,1,1,0,0,0,0,1,1,0,0,0,1
360.0,1.0,1,5.153291594497779,8.68270762989381,0,1,0,1,0,1,0,0,1,0,1,0,0,1,0
360.0,1.0,1,5.056245805348308,8.59378379357795,0,1,0,1,0,0,1,0,0,1,1,0,1,0,0
360.0,1.0,1,4.68213122712422,8.552946361122055,0,1,0,1,1,0,0,0,1,0,1,0,1,0,0
360.0,1.0,1,4.2626798770413155,7.9724660159745655,1,0,1,0,1,0,0,0,1,0,1,0,1,0,0
180.0,1.0,1,3.6888794541139363,8.32020459757888,0,1,0,1,0,0,0,1,1,0,1,0,1,0,0
360.0,1.0,1,5.53338948872752,9.025455532779063,0,1,0,1,0,1,0,0,1,0,1,0,0,0,1
360.0,1.0,1,5.231108616854587,8.933664178700935,0,1,0,1,0,0,1,0,1,0,1,0,0,0,1
360.0,0.0,0,4.890349128221754,8.430109084509125,1,0,1,0,1,0,0,0,1,0,0,1,0,1,0
